Title,Status
"One Person, No Vote (YA edition): How Not All Voters Are Treated Equally",No info or themes found
We Are Not Your Equal: Understanding Our Racial Divide,No info or themes found
David and Goliath (MA),No info or themes found
The Story of Jonah (JB),No info or themes found
The Good Earth (Graphic Adaptation),No info or themes found
The Heartbreak Bakery,No info or themes found
Burned (PCC),No info or themes found
Joe Hill's The Cape: 1969,No info or themes found
The Adventures of Honey and Leon,No info or themes found
The Story of Jonah (AJD),No info or themes found
Vessel (SBD),No info or themes found
The Story of Christmas (PF),No info or themes found
David and Goliath (LF),No info or themes found
Bingo Love #1,No info or themes found
The Story of Christmas (VF),No info or themes found
The Sacrifice of Darkness,No info or themes found
Girls Like Us (2015),No info or themes found
The Essential Salvador Dali,No info or themes found
The Handsome Girl & Her Beautiful Boy,No info or themes found
"Literary Newsmakers for Students, Vol. 1",No info or themes found
13 Art Inventions Children Show Know,No info or themes found
"Novels for Students, Vol. 60",No info or themes found
"Novels for Students, Vol. 61",No info or themes found
All-Action Classics No. 3: The Odyssey,No info or themes found
Burned (EH),No info or themes found
Untamed (AGH),No info or themes found
The Art of Junji Ito: Twisted Visions,No info or themes found
Delores Claiborne,No info or themes found
"Bleach, Vol. 21",No info or themes found
A Little Piece of Ground,No info or themes found
"Karakuridoji Ultimo, Vol. 1",No info or themes found
Home (TL),No info or themes found
The League of Super Feminists,No info or themes found
"Novels for Students, Vol. 55",No info or themes found
"Assassination Classroom, Vol. 11",No info or themes found
"Assassination Classroom, Vol. 12",No info or themes found
"Assassination Classroom, Vol. 13",No info or themes found
"Assassination Classroom, Vol. 14",No info or themes found
"Assassination Classroom, Vol. 15",No info or themes found
"Assassination Classroom, Vol. 16",No info or themes found
"Assassination Classroom, Vol. 17",No info or themes found
"Assassination Classroom, Vol. 19",No info or themes found
"Assassination Classroom, Vol. 2",No info or themes found
"Assassination Classroom, Vol. 20",No info or themes found
"Assassination Classroom, Vol. 21",No info or themes found
"Assassination Classroom, Vol. 3",No info or themes found
"Assassination Classroom, Vol. 4",No info or themes found
"Assassination Classroom, Vol. 5",No info or themes found
"Assassination Classroom, Vol. 6",No info or themes found
"Assassination Classroom, Vol. 7",No info or themes found
"Assassination Classroom, Vol. 8",No info or themes found
"Assassination Classroom, Vol. 9",No info or themes found
Gender Issues (Living with a Special Need),No info or themes found
Judaism (MAM),No info or themes found
Insect (LM),No info or themes found
"Hama-Kimi: For You In Full Blossom, Vol. 1",No info or themes found
"Hama-Kimi: For You In Full Blossom, Vol. 3",No info or themes found
"Heartstopper, Vol. 2",No info or themes found
"Heartstopper, Vol. 3",No info or themes found
"Heartstopper, Vol. 4",No info or themes found
The Golden Sheep 1,No info or themes found
Choke (CP),No info or themes found
Songs of a Humpback Whale,No info or themes found
Noah's Ark (JP),No info or themes found
The Tale of a Body Thief,No info or themes found
Horror in Maryland,No info or themes found
"Citrus Plus, Vol. 1",No info or themes found
"Citrus Plus, Vol. 2",No info or themes found
"Blade of the Immortal Omnibus, Vol. 3",No info or themes found
Noah's Ark (PS),No info or themes found
"Novels for Students, Vol. 9",No info or themes found
Wings (DS),No info or themes found
Stiegliz on Photography: His Selected Essays and Notes,No info or themes found
David and Goliath (CS),No info or themes found
"The Annotated Mona Lisa, Third Edition: A Crash Court in Art History from Prehistoric to the Present (Volume 3)",No info or themes found
Graphic Classics Volume 8: Mark Twain - 2nd Edition,No info or themes found
The Adventures of Tom Sawyer (Sterling Illustrated Classics),No info or themes found
Michelangelo (MV),No info or themes found
Homecoming (CV),No info or themes found
Fantastic Four By Mark Waid and Mike Wieringo: Ultimate Collection - Book One (Fantastic Four 1998-2012),No info or themes found
Easy (TW),No info or themes found
Exodus (BW),No info or themes found
Noah's Ark (JW),No info or themes found
"Hymns for a Kid's Heart, Vol. 1",No info or themes found
Breathless (JN),No info or themes found
"Heartstopper, Vol. 5",No info or themes found
Tilt (EH),No info or themes found
Crush (CM),No info or themes found
If I Was Your Girl (MR),No info or themes found
An Assassin's Guide to Love and Treason,No info or themes found
Gone (LM),No info or themes found
Gravity (SD),No info or themes found
Hades (AA),No info or themes found
Panic (SMD),No info or themes found
Starfish (ADB),No info or themes found
Stay With Me (PG),No info or themes found
Stuck In Tte Middle: 17 Comics from an Unpleasant Age,No info or themes found
Tempted (PCC),No info or themes found
The Gathering (KA),No info or themes found
Untamed (PCC),No info or themes found
A Curse of Roses,No info or themes found
"Fairy Tail, Vol. 5",No info or themes found
Firestarter (SK),No info or themes found
Happily Ever After (NR),No info or themes found
Lawn Boy (JE),No info or themes found
Nick and Norah's Infinite Playlist,No info or themes found
Perfect (EH),No info or themes found
Picture Perfect (JP),No info or themes found
Pushing the Limits (KM),No info or themes found
Revealed (PCC),No info or themes found
The Fixer (BM),No info or themes found
The Handsome Girl and Her Beautiful Boy,No info or themes found
Survivor (CP),No info or themes found
The Nighthouse Keeper,No info or themes found
City of Thieves (DB),No info or themes found
"TBH, I Feel the Same",No info or themes found
"TBH, Too Much Drama",No info or themes found
"TBH, You Know What I Mean",No info or themes found
True Believer (NS),No info or themes found
Zara Hossin is Here,No info or themes found
Fade (RC),No info or themes found
"Foundations in Personal Finance, 2022, 4th Edition",No info or themes found
City of Saints and Thieves,No info or themes found
"An ABC of Equality, Vol 1",No info or themes found
Barron's AP Psychology Premium,No info or themes found
Black Lives Matter (DH),No info or themes found
Black Lives Matter (MG),No info or themes found
Black Lives Matter (SEB),No info or themes found
"Boys Run the Riot, Vol. 1",No info or themes found
"Boys Run the Riot, Vol. 2",No info or themes found
"Boys Run the Riot, Vol. 3",No info or themes found
"Boys Run the Riot, Vol. 4",No info or themes found
"Cheeky Angel, Vol. 1",No info or themes found
"Cheeky Angel, Vol. 3",No info or themes found
Ciel in All Directions,No info or themes found
"Click, Vol. 1",No info or themes found
"Click, Vol. 2",No info or themes found
"Click, Vol. 3",No info or themes found
"Click, Vol. 5",No info or themes found
"Click, Vol. 6",No info or themes found
"Click, Vol. 7",No info or themes found
"Click, Vol. 8",No info or themes found
Dreadnought (AD),No info or themes found
Friendship to the Max,No info or themes found
Jackalope Springs Eternal,No info or themes found
Laverne Cox (ES),No info or themes found
Laverne Cox (MV),No info or themes found
Lofladoros. Un plan terrible (Lumberjanes: A Terrible Plan Spanish Edition),No info or themes found
"Magical Boy (Series, Title Not Specifed)",No info or themes found
"Pink, Blue, and You! Questions for Kids about Gender Stereotypes",No info or themes found
Sink or Swim (SW),No info or themes found
The (Un)Popular Vote,No info or themes found
The Antiracist Kitchen: 21 Stories (And Recipes),No info or themes found
The Best Liars in Riverview,No info or themes found
The Book of Radical Answers: Real Questions from Real Kids Just Like You,No info or themes found
The Feeling of Falling in Love,No info or themes found
The Gender Binary is a Big Lie: Infinite Identities Around the World,No info or themes found
The Heartstopper Yearbook,No info or themes found
The Many Half-Lived Lives of Sam Sylvester,No info or themes found
The One True Me and You,No info or themes found
The Otherwoods,No info or themes found
The Sunbearer Trials,No info or themes found
The Talk (AW),No info or themes found
The Talk (DB),No info or themes found
The Watcher's Test,No info or themes found
This Winter - A Heartstopper Novella,No info or themes found
Time After Crime,No info or themes found
Transmogrify! 14 Fantastical Tales of Trans Magic,No info or themes found
"Wandering Son, Vol. 5",No info or themes found
"Wandering Son, Vol. 6",No info or themes found
"Wandering Son, Vol. 7",No info or themes found
Wangjawa Deuleseumeikeo (The Prince and the Dressmaker Korean Edition),No info or themes found
What's Your Pronoun? Beyond He and She,No info or themes found
When Women Stood: The Untold History of Females Who Changed Sports and the World,No info or themes found
White Privilege Unmarked,No info or themes found
Human Trafficking (KCD),No info or themes found
"Assassination Classroom (Series, Title Not Specified)",No info or themes found
"Berserk (Series, Title Not Specified)",No info or themes found
"Cantarella, Vol. 1",No info or themes found
"Cantarella, Vol. 2",No info or themes found
"Cantarella, Vol. 3",No info or themes found
"Cantarella, Vol. 4",No info or themes found
"Cantarella, Vol. 5",No info or themes found
"Cantarella, Vol. 6",No info or themes found
"Cantarella, Vol. 7",No info or themes found
"Cantarella, Vol. 8",No info or themes found
"Cantarella, Vol. 9",No info or themes found
"Fairy Tail (Series, Title Not Specified)",No info or themes found
"Hero Heel (Series, Title Not Specified)",No info or themes found
"The Sandman (Series, Title Not Specified)",No info or themes found
Skin (DJN),No info or themes found
Dr. Xargle's Book of Earthlets,No info or themes found
"Locke and Key, Vol. 5: Clockworks",No info or themes found
"Locke and Key, Vol. 6: Alpha and Omega",No info or themes found
"Abortion (Title, no author)",No info or themes found
Ancient Greece (AP),No info or themes found
Anicent Incas,No info or themes found
Bites and Bones Flip Book: Scary Stories to Sink Your Teeth Into,No info or themes found
"Calvin and Hobbes (Series, Title Not Specified)",No info or themes found
Do You Dream of Terr-Two?,No info or themes found
"Dog Tags (Series, Title Not Specified)",No info or themes found
Drug Use on Your Streets,No info or themes found
Dry (NS),No info or themes found
"Fullmetal Alchemist (Series, Title Not Specified)",No info or themes found
"Gun Control (Title only, no further information)",No info or themes found
Krishna and Hindusm,No info or themes found
Leonardo Da Vinci (CN),No info or themes found
"Life During the Great Civilizations (Series, Title Not Specified)",No info or themes found
Monsters of Mythology (Vol. not specified),No info or themes found
"Mysteries of Mankind (Series, Title Not Specified)",No info or themes found
Mythology (DK),No info or themes found
Myths and Civilization of the Ancient Greeks,No info or themes found
"Online Pornography (Title only, no further information)",No info or themes found
"Read With Dick and Jane books (Series, Title not specified)",No info or themes found
"Reproductive Technologies (Title only, no further information)",No info or themes found
Resisters and Rescures-Standing Up Against,No info or themes found
Ripley's Believe It Or Not! Special Edtion 2008,No info or themes found
"The Abortion Controversy (Title only, no further information)",No info or themes found
"The Chronicles of Vladimir Tod (Series, Title Not Specified)",No info or themes found
"The Digestive System (Title and author only, no further information)",No info or themes found
"The Great Civilizations (Series, Title not Specified)",No info or themes found
"The Haiti Earthquake (Title only, no further information)",No info or themes found
The Human Body (BF),No info or themes found
The Human Body (SS),No info or themes found
"The Legend of Drizzt, Vol. 2: Exile",No info or themes found
"The Legend of Drizzt, Vol. 3: Sojourn",No info or themes found
"The legend of Drizzt, Vol. 6: The Halfling's Gem",No info or themes found
"The legend of Drizzt, Vol. 7: The Legacy",No info or themes found
"The Vampire Diaries (Series, Title Not Specified)",No info or themes found
Top 10 Worst Creepy Egyptians Mummies You Wouldn't Want to Meet,No info or themes found
Top 10 Worst Things About Ancient Egypt You Wouldn't Want To Know!,No info or themes found
Top 10 Worst Things about Ancient Greece You Wouldn't Want to Know!,No info or themes found
Top 10 Worst Things About Ancient Rome You Wouldn't Want to Know!,No info or themes found
True Believer (VEW),No info or themes found
Vive La France The French Resistance W.W.2,No info or themes found
We Were There Too! Young People in US History,No info or themes found
"Weapons of Mass Destruction (Title only, no further information)",No info or themes found
Welcome to Italy (JH),No info or themes found
"All You Need is Kill, Book 1",No info or themes found
Athena (BAH),No info or themes found
Athena (RR),No info or themes found
"Attack on Titan (Series, Title Not Specified)",No info or themes found
"Blue Period, Vol. 6",No info or themes found
"Blue Period, Vol. 9",No info or themes found
"Chainsaw Man (Series, Title Not Specified)",No info or themes found
"Children of the Sea (Series, Title Not Specified)",No info or themes found
"Don't Toy With Me, Miss Nagatoro, Vol. 6",No info or themes found
"Don't Toy With Me, Miss Nagatoro, Vol. 7",No info or themes found
"Don't Toy With Me, Miss Nagatoro, Vol. 8",No info or themes found
"Don't Toy With Me, Miss Nagatoro, Vol. 9",No info or themes found
"Flame of Recca, Vol. 3",No info or themes found
Hades (KR),No info or themes found
"Hunter X Hunter (Series, Title Not Specified)",No info or themes found
"Jojo's Bizarre Adventure (Series, Title Not Specified)",No info or themes found
"Jujutsu Kaisen (Series, Title Not Specified)",No info or themes found
"Kill Shakespeare, Vol. 2",No info or themes found
"Kill Shakespeare, Vol. 4 - The Mask of Night",No info or themes found
"Locke & Key (Series, Title Not Specified)",No info or themes found
"Man-Eaters (Series, Title not Specified)",No info or themes found
"Mobile Suit Gundam Thunderbolt (Series, Title Not Specified)",No info or themes found
"My Hero Academia (Series, Title Not Specified)",No info or themes found
"Parasyte (Series, Title Not Specified)",No info or themes found
Poseidon (BAH),No info or themes found
Poseidon (RR),No info or themes found
"Ranma 1/2 (Series, Title Not Specified)",No info or themes found
"So Cute It Hurts!!, Vol. 12",No info or themes found
"So Cute It Hurts!!, Vol. 13",No info or themes found
"So Cute It Hurts!!, Vol. 14",No info or themes found
"So Cute It Hurts!!, Vol. 15",No info or themes found
The Iliad (A Graphic Novel),No info or themes found
The Odyssey (Graphic Novel),No info or themes found
"The Promised Neverland (Series, Title Not Specified)",No info or themes found
"Tiziano Vecaellio, known as Titian",No info or themes found
"Tokyo Ghoul (Series, Title Not Specified)",No info or themes found
Zeus (BAH),No info or themes found
Zeus (RR),No info or themes found
Forget Me Not (AD),No info or themes found
A Long Stretch of Bad Days,No info or themes found
"Age of Bronze, Vol. 1: A Thousand Ships",No info or themes found
"AirGear (Series, Title Not Specified)",No info or themes found
"Akira (Series, Title not Specified)",No info or themes found
"Alice 19th (Series, Title Not Specified)",No info or themes found
Beginnings - Battle of Jericho Hill,No info or themes found
Beginnings - The Fall of Gilead,No info or themes found
Beginnings - The Gunslinger Born,No info or themes found
Beginnings - The Long Road Home,No info or themes found
Beginnings - Treachery,No info or themes found
"Black Butler (Series, Title Not Specified)",No info or themes found
"Bleach, Vol. 34",No info or themes found
"Bleach, Vol. 42",No info or themes found
"Bleach, Vol. 8",No info or themes found
"Bloom Into You (Series, Title not Specified)",No info or themes found
"Blue Exorcist (Series, Title not Specified)",No info or themes found
"Bungo Stray Dogs (Series, Title Not Specified)",No info or themes found
"Case Closed (Series, Title Not Specified)",No info or themes found
Crash into You (KM),No info or themes found
"Fist of the North Star (Series, Title not Specified)",No info or themes found
"InuYasha (Series, Title not Specified)",No info or themes found
Kingdom of the Wicked (KM),No info or themes found
Manga Shakespere: The Tempest,No info or themes found
"My Hero Academia, Vigilantes Vol. 1",No info or themes found
Paper Girls (Series Title Not Specified),No info or themes found
Plague Land No Escape,No info or themes found
Plague Land Reborn,No info or themes found
"Rosario and Vampire (Series, Title Not Specified)",No info or themes found
Season of the Witch (SRB),No info or themes found
"Seven Deadly Sins (Series, Title not Specified)",No info or themes found
The Accidential Bad Girl,No info or themes found
The Drawing of the Three - Bitter Medicine,No info or themes found
The Drawing of the Three - House of Cards,No info or themes found
The Drawing of the Three - Lady of Shadows,No info or themes found
The Drawing of the Three - The Prisoner,No info or themes found
The Gunslinger - Last Shots,No info or themes found
The Gunslinger - The Battle of Tull,No info or themes found
The Gunslinger - The Journey Begins,No info or themes found
The Gunslinger - The Man in Black,No info or themes found
The Gunslinger - The Way Station,No info or themes found
The Invisible Life of Ivan lsaenko,No info or themes found
The Loners (LT),No info or themes found
The Ten Things We Did (and Probably Shouldn't Have),No info or themes found
"The Walking Dead (Series, Title Not Specified)",No info or themes found
"Vampire Knight (Series, Title Not Specified)",No info or themes found
"We Stand on Guard (Series, Title Not Specified)",No info or themes found
When Villians Rise,No info or themes found
"Blade (Series, Title Not Specified)",No info or themes found
Firestorm (TB),No info or themes found
A Hundred Vicious Turns,No info or themes found
A Song Only I Can Hear,No info or themes found
"Batcat, Vol. 1",No info or themes found
From Archie to Zach: A Picture Book,No info or themes found
La luna dentro de mí,No info or themes found
Ravensong (CF),No info or themes found
Skin (AV),No info or themes found
"Surviving the City, Vol. 2: From the Roots Up",No info or themes found
The Coldest Touch,No info or themes found
The fae keeper,No info or themes found
"The Hazards of Love, Book One: Bright World",No info or themes found
"The Ojja-Wojja: A Horror-Mystery, or Whatever",No info or themes found
Heartstopper 1 (Spanish Edition),No info or themes found
The Borrow a Boyfriend Club,No info or themes found
Yes! No! A First Conversation about Consent,No info or themes found
"A Devil and Her Love Song (Series, Title Not Specified)",No info or themes found
A Game of Noctis,No info or themes found
"Ao Haru Ride (Series, Title Not Specified)",No info or themes found
"Black Clover (Series, Title Not Specified)",No info or themes found
"Breakthrough! How Three People Saved ""Blue Babies"" and Changed Medicine Forever",No info or themes found
"Cagaster (Series, Title Not Specified)",No info or themes found
"Check, Please! (Series, Title Not Specified)",No info or themes found
"Chicagoland Detective Agency (Series, Title Not Specified)",No info or themes found
Classical Art from Greece to Rome,No info or themes found
"Dragon Ball Z (Series, Title Not Specified)",No info or themes found
El épico fracaso de Arturo Zamora,No info or themes found
El último héroe del Olimpo,No info or themes found
Forever (MS),No info or themes found
"Gin Tama (Series, Title Not Specified)",No info or themes found
"Heroman (Series, Title Not Specified)",No info or themes found
"Hikaru No Go (Series, Title Not Specified)",No info or themes found
"Kekkaishi (Series, Title Not Specified)",No info or themes found
La batalla del laberinto,No info or themes found
La travesía de Santiago,No info or themes found
"Manifest Destiny (Series, Title Not Specified)",No info or themes found
"Minecraft (Series, Title Not Specified)",No info or themes found
"Naruto (Series, Title Not Specified)",No info or themes found
"Not Your Idol (Series, Title Not Specified)",No info or themes found
"ONE PIECE (Series, Title Not Specified)",No info or themes found
Out of the Blue (JJ),No info or themes found
"Pandora Hearts (Series, Title Not Specified)",No info or themes found
Percy Jackson y los dioses griegos,No info or themes found
"Princess Jellyfish (Series, Title Not Specified)",No info or themes found
"Psyren (Series, Title Not Specified)",No info or themes found
"Shaolin Sisters (Series, Title Not Specified)",No info or themes found
"Sherlock Bones (Series, Title Not Specified)",No info or themes found
"Splatoon Squid Kids Comedy Show (Series, Title Not Specified)",No info or themes found
Stink-O-Pedia: Super Stink-Y Stuff From A to Zzzzz,No info or themes found
The Baroque and Neoclassical age,No info or themes found
The Book of Lost Things (CV),No info or themes found
The Count of Monte Cristo (SF),No info or themes found
"The Earl & the Fairy (Series, Title Not Specified)",No info or themes found
The Endocrine and Reproductive Systems,No info or themes found
The Epic Fail of Arturo Zamora,No info or themes found
The Executioner's Daughter,No info or themes found
The Fall of Whit Rivera,No info or themes found
The Fences Between Us: The Diary of Piper Davis,No info or themes found
The First Scientist: Anaximander and His Legacy,No info or themes found
The Forbidden Wish,No info or themes found
The Girl From Felony Bay,No info or themes found
The Girl of Fire and Thorns,No info or themes found
The Great American Dust Bowl: A Graphic Novel,No info or themes found
"The Hardy Boys Graphic Novels: Undercover Brothers (Series, Title Not Specified)",No info or themes found
The House of Hades,No info or themes found
The Hundred-Dollar Robber: A Mystery with Money,No info or themes found
The Jungle Book,No info or themes found
The Language of Flowers: Symbols and Myths,No info or themes found
The Language of Seabirds,No info or themes found
The Liars of Mariposa Island,No info or themes found
The Little Red Train: El trenecito rojo,No info or themes found
The Lost Track of Time,No info or themes found
The Love Song of Ivy K. Harlowe,No info or themes found
The Lying Game,No info or themes found
The Mark of Athena,No info or themes found
The Mockingbirds,No info or themes found
The Pilgrims and the First Thanksgiving,No info or themes found
The Quest Begins,No info or themes found
The Revelation of Louisa May,No info or themes found
The Secret Box,No info or themes found
The Secret Ghost: A Mystery with Distance and Measurement,No info or themes found
The Secret Starling,No info or themes found
The Secrets We Keep (TL),No info or themes found
The Serpent's Secret,No info or themes found
The Sin Eater's Daughter,No info or themes found
"The Squad (Series, Title not Specified",No info or themes found
The Story Behind ... Toni Morrison's The Bluest Eye,No info or themes found
The Summer of Bitter and Sweet,No info or themes found
The Summer of Jordi Perez (And the Best Burger in Los Angeles),No info or themes found
The Summer Prince,No info or themes found
The Tequila Worm,No info or themes found
The Thief Lord,No info or themes found
The Time Machine,No info or themes found
The True Meaning of Cleavage,No info or themes found
The Tyrant's Daughter,No info or themes found
The Water Knife,No info or themes found
The Way I Used to Be,No info or themes found
The Wicked and the Just,No info or themes found
The Year I Didn't Eat,No info or themes found
Theodore Roosevelt: Bear of a President,No info or themes found
These Things I've Done,No info or themes found
Things I Can't Forget,No info or themes found
This is What Happy Looks Like,No info or themes found
This is What it Feels Like,No info or themes found
This Light Between Us,No info or themes found
Tilt (AC),No info or themes found
Tradition,No info or themes found
Tristan Strong Punches a Hole in the Sky,No info or themes found
Trono de cristal,No info or themes found
True Things (Adults Don't Want Kids to Know),No info or themes found
Tumbling (CC),No info or themes found
Twilight: The Graphic Novel,No info or themes found
Two Truths and a Lie,No info or themes found
Tyranny,No info or themes found
Una antorcha en las tinieblas,No info or themes found
Understanding Reproductive Health,No info or themes found
Unplanned Pregnancies,No info or themes found
"Van Von Hunter (Series, Title Not Specified)",No info or themes found
Violet y Finch,No info or themes found
"Washington, D.C",No info or themes found
We Now Return to Regular Life,No info or themes found
We Set the Dark on Fire,No info or themes found
Whaam!: The Art and Life of Roy Lichtenstein,No info or themes found
"What Are You Looking At: The Surprising, Shocking, and Sometimes Strange Story of 150 Years of Modern Art",No info or themes found
What Dread Hand,No info or themes found
What Will Grow,No info or themes found
When You Were Here,No info or themes found
Where the Stars Still Shine,No info or themes found
Who Was Harvey Milk?,No info or themes found
Withering Tights,No info or themes found
Wolf Island,No info or themes found
Women's Issues in Margaret Atwood's The Handmaid's Tale,No info or themes found
World Art,No info or themes found
"Yo, Simon, homo sapiens",No info or themes found
You Don't Know Me But I Know You,No info or themes found
Art of the Story,No info or themes found
"Bless Me, Ultima",No info or themes found
Dear Medusa,No info or themes found
Discovering Art History,No info or themes found
Down Sand Mountain,No info or themes found
"European Art (Title only, no further information)",No info or themes found
Exit West,No info or themes found
Health,No info or themes found
"Lippincott Textbook for Nursing Assistants: A Humanistic Approach to Caregiving, Fifth Edition",No info or themes found
Medical Terminology,No info or themes found
"Perrine's Literature Structure, Sound, and Sense",No info or themes found
Project Hail Mary,No info or themes found
Red,No info or themes found
Sadie,No info or themes found
See You Yesterday,No info or themes found
Simmers DHO Health Science,No info or themes found
Such a Pretty Girl,No info or themes found
"The Birds, the Bees, and You and Me",No info or themes found
The Luis Ortega Survival Club,No info or themes found
The Round House,No info or themes found
The Secrets We Keep (CG),No info or themes found
Free Speech Handbook: A Practical Framework for Understanding Our Free Speech Protections,No info or themes found
